sa2_code,name,worksheet_row,erp_2020,erp_2021,erp_2022,erp_2023,erp_2024,erp_2025
206011106,Brunswick East,760,13064,12964,13238,13691,14328,14693
206011107,Brunswick West,761,15010,14497,14619,15115,15538,15988
206011109,Pascoe Vale South,762,10836,10463,10398,10600,10831,10907
206011495,Brunswick - North,763,14124,13077,13185,13976,14474,15255
206011496,Brunswick - South,764,14235,13208,13303,14204,15081,15366
206011497,Coburg - East,765,13265,12675,12901,13482,13887,14457
206011498,Coburg - West,766,14523,14184,14066,14476,14767,14989
206021110,Alphington - Fairfield,767,9538,9069,9142,9469,9653,9749
206021112,Thornbury,768,19791,19153,19126,19544,19893,20234
206021499,Northcote - East,769,16183,15229,15082,15490,15836,15969
206021500,Northcote - West,770,10887,10424,10437,10682,10878,11026
206031113,Ascot Vale,771,15784,15351,15148,15674,16078,16398
206031115,Flemington,772,10270,9181,9143,9729,10215,9935
206031116,Moonee Ponds,773,16639,16400,16547,17157,17752,17965
206031501,Essendon (West) - Aberfeldie,774,16920,16175,16145,16584,17096,17119
206031502,Essendon - East,775,12763,12314,12252,12616,12876,13196
206041117,Carlton,776,20865,17064,17942,21321,23758,25267
206041118,Docklands,777,16671,15905,16395,17661,18407,19139
206041119,East Melbourne,778,5383,4959,4860,5066,5169,5245
206041120,Flemington Racecourse,779,81,78,78,78,78,78
206041121,Kensington (Vic.),780,11416,10872,10968,11358,11625,12423
206041124,Parkville,781,8318,7428,7398,7937,8184,8280
206041125,South Yarra - West,782,6960,6536,6540,6760,6893,6894
206041127,West Melbourne - Industrial,783,0,0,0,0,0,0
206041503,Melbourne CBD - East,784,12346,10119,10630,12389,13593,14266
206041504,Melbourne CBD - North,785,19155,17360,18774,21527,23395,24296
206041505,Melbourne CBD - West,786,18796,16098,17226,19965,21340,22163
206041506,North Melbourne,787,18154,15945,16510,17942,19069,19286
206041507,Royal Botanic Gardens Victoria,788,0,0,0,0,0,0
206041508,Southbank (West) - South Wharf,789,7551,6607,6778,7379,7783,8122
206041509,Southbank - East,790,17305,16506,17267,18684,19274,19552
206041510,West Melbourne - Residential,791,7567,7614,7979,8687,9236,9699
206051128,Albert Park,792,16955,16011,16126,16811,17094,17253
206051129,Elwood,793,15925,15032,14846,15415,15880,16056
206051130,Port Melbourne,794,16998,16366,16365,16752,16817,16927
206051134,St Kilda East,795,17259,16073,15951,16707,17237,17380
206051511,Port Melbourne Industrial,796,1709,1944,2195,2457,2567,3148
206051512,South Melbourne,797,12721,11856,11828,12455,12826,13132
206051513,St Kilda - Central,798,13380,12086,12207,13134,13641,14012
206051514,St Kilda - West,799,15648,14090,14211,15419,15944,16298
206061135,Armadale,800,10075,9433,9343,9735,9934,10032
206061136,Prahran - Windsor,801,20847,19444,19191,20171,20777,21112
206061138,Toorak,802,13644,13096,13081,13297,13439,13610
206061515,South Yarra - North,803,12223,11449,11717,12877,13516,13779
206061516,South Yarra - South,804,11285,10097,9883,10435,10452,10440
206071139,Abbotsford,805,9672,9258,9450,9948,10207,10316
206071140,Carlton North - Princes Hill,806,8899,8290,8114,8486,8678,8828
206071141,Collingwood,807,9969,9351,9589,10398,11034,11383
206071142,Fitzroy,808,11299,10608,10739,11407,11884,12135
206071143,Fitzroy North,809,13659,12945,12905,13308,13618,13749
206071145,Clifton Hill - Alphington,810,10163,9978,10233,10924,11220,11419
206071517,Richmond (South) - Cremorne,811,18929,17977,17762,18591,19092,19225
206071518,Richmond - North,812,15025,14074,13987,14798,15194,15303
207011146,Ashburton (Vic.),813,8309,8021,7930,8137,8365,8471
207011147,Balwyn,814,17031,16323,16286,16698,16901,16868
207011148,Balwyn North,815,21930,21406,21306,21866,22276,22454
207011149,Camberwell,816,22604,21500,21249,21785,22050,22052
207011150,Glen Iris - East,817,17375,17006,16865,17201,17491,17650
207011152,Hawthorn East,818,16698,15881,16063,16838,17242,17541
207011154,Kew East,819,6783,6555,6552,6615,6748,6759
207011155,Surrey Hills (West) - Canterbury,820,16786,16083,15887,16167,16193,16229
207011519,Hawthorn - North,821,10862,10017,10017,10524,10759,10910
207011520,Hawthorn - South,822,13360,12137,12227,12875,13394,13562
207011521,Kew - South,823,12385,11717,11713,12085,12302,12306
207011522,Kew - West,824,13752,13143,13160,13409,13624,13799
207021156,Bulleen,825,11657,11370,11419,11629,11730,11810
207021157,Doncaster,826,25118,25173,25632,26863,27827,28353
207021159,Templestowe,827,17548,17101,17136,17429,17419,17442
207021160,Templestowe Lower,828,14581,14280,14336,14433,14586,14695
207021424,Doncaster East - North,829,16144,15786,15768,16155,16306,16642
207021425,Doncaster East - South,830,15942,15593,15689,16262,16650,16983
207031161,Blackburn,831,23032,22356,22299,22897,23415,23732
207031162,Blackburn South,832,11342,11019,10940,11038,11061,11072
207031163,Box Hill,833,24118,23212,23773,25253,26577,27206
207031164,Box Hill North,834,18903,18292,18385,19016,19403,19760
207031165,Burwood (Vic.),835,13468,12522,12899,13981,14851,15480
207031166,Burwood East,836,11053,10774,11074,11862,12323,12460
207031167,Surrey Hills (East) - Mont Albert,837,10666,10251,10301,10621,10720,10776
208011168,Beaumaris,838,14362,14123,13999,14199,14376,14486
208011169,Brighton (Vic.),839,24136,23044,22904,23527,24046,24340
208011170,Brighton East,840,17010,16692,16708,17026,17223,17486
208011171,Highett (West) - Cheltenham,841,12601,12543,12542,12751,13073,13257
208011172,Hampton,842,18997,18405,18477,18793,19142,19524
208011173,Sandringham - Black Rock,843,17912,17521,17481,17838,17973,18071
208021174,Bentleigh - McKinnon,844,25447,25202,25432,26136,26752,26966
208021176,Carnegie,845,19676,18791,18910,20056,20837,21266
208021177,Caulfield - North,846,23399,22723,23013,23895,24395,24635
208021178,Caulfield - South,847,18714,18228,18210,18624,18918,19226
208021179,Elsternwick,848,12509,12030,12084,12416,12704,12827
208021180,Hughesdale,849,7957,7642,7644,7913,8053,8132
208021181,Murrumbeena,850,9771,9467,9526,9760,10010,10126
208021182,Ormond - Glen Huntly,851,14198,13280,13398,14013,14681,15157
208021426,Bentleigh East - North,852,16815,16758,16865,17222,17498,17873
208021427,Bentleigh East - South,853,14127,14159,14103,14443,14739,14949
208031183,Aspendale Gardens - Waterways,854,9188,8922,8894,8985,9061,9063
208031184,Braeside,855,34,28,28,28,28,28
208031185,Carrum - Patterson Lakes,856,12269,12115,12159,12330,12414,12478
208031186,Chelsea - Bonbeach,857,15426,15317,15339,15568,15842,16058
208031187,Chelsea Heights,858,5562,5426,5364,5359,5431,5445
208031188,Highett (East) - Cheltenham,859,24808,24354,24522,25243,25799,26320
208031189,Edithvale - Aspendale,860,13778,13669,13644,13889,14112,14365
208031190,Mentone,861,13856,13303,13347,13702,13945,14155
208031191,Moorabbin - Heatherton,862,9450,9197,9209,9414,9679,9826
208031192,Moorabbin Airport,863,21,26,26,26,26,26
208031193,Mordialloc - Parkdale,864,21782,21429,21411,21875,22197,22437
208041194,Malvern - Glen Iris,865,21457,20469,20507,21299,21586,21820
208041195,Malvern East,866,23079,22202,22376,23133,23656,23996
209011196,Bundoora - East,867,10295,9920,9814,9993,10196,10339
209011197,Greensborough,868,21373,20995,20830,20939,21287,21386
209011198,Heidelberg - Rosanna,869,16650,16202,16279,16556,16852,16925
209011199,Heidelberg West,870,15540,15039,15244,15799,16641,17224
209011200,Ivanhoe,871,12883,12559,12563,12903,13116,13188
209011201,Ivanhoe East - Eaglemont,872,7984,7799,7791,7955,8069,8169
209011202,Montmorency - Briar Hill,873,16905,16660,16627,16824,16916,17042
209011203,Viewbank - Yallambie,874,19188,18891,18773,18965,18897,18993
209011204,Watsonia,875,9476,9305,9238,9338,9486,9504
209021205,Kingsbury,876,11525,10549,10747,11680,12454,12932
209021428,Preston - East,877,21746,20997,21053,21926,22473,23403
209021429,Preston - West,878,13278,12824,12733,13113,13414,13610
209021523,Reservoir - North East,879,15565,14987,14926,15424,15915,16329
209021524,Reservoir - North West,880,10346,9881,9698,9792,9806,9751
209021525,Reservoir - South East,881,13399,12939,12995,13394,13823,14143
209021526,Reservoir - South West,882,14798,14244,14233,14692,15104,15350
209031209,Eltham,883,24113,23707,23513,23486,23515,23669
209031210,Hurstbridge,884,3632,3576,3527,3512,3518,3521
209031211,Kinglake,885,4172,4237,4291,4329,4369,4419
209031212,Panton Hill - St Andrews,886,5236,5121,5146,5105,5123,5130
209031213,Plenty - Yarrambat,887,9763,9521,9424,9554,9584,9579
209031214,Research - North Warrandyte,888,6999,6987,6964,6972,7017,7039
209031215,Wattle Glen - Diamond Creek,889,14579,14538,14424,14529,14771,14859
209041216,Bundoora - North,890,7760,7424,7467,7749,7966,8014
209041217,Bundoora - West,891,6463,6237,6298,6532,6721,6806
209041220,Mill Park - North,892,18274,17640,17302,17421,17665,17610
209041221,Mill Park - South,893,11897,11339,11146,11265,11288,11494
209041223,Thomastown,894,21173,20201,19959,20162,20484,20595
209041224,Wallan,895,21543,22953,24646,26251,28343,30342
209041225,Whittlesea,896,9803,10763,12299,13975,15759,18174
209041431,Epping - East,897,13793,13269,13156,13333,13453,13555
209041432,Epping - South,898,8655,8279,8068,8280,8380,8322
209041433,Epping (Vic.) - West,899,12552,12279,12370,12663,12852,12895
209041435,South Morang - North,900,12942,12714,12681,12848,13029,13259
209041436,South Morang - South,901,12856,12513,12389,12565,12855,13054
209041437,Wollert,902,20975,24807,28188,30686,33491,36658
209041527,Doreen - North,903,16321,16484,16685,17072,17176,17283
209041528,Doreen - South,904,10137,10595,11089,11470,11781,11947
209041529,Lalor - East,905,10426,10025,9827,9943,10162,10253
209041530,Lalor - West,906,13900,13623,13621,13793,13889,13925
209041531,Mernda - North,907,11473,11553,11643,11755,12004,12061
209041532,Mernda - South,908,11640,12086,12538,12994,13483,13854
210011226,Airport West,909,8362,8240,8273,8437,8612,8783
210011227,Essendon Airport,910,11,14,14,14,14,14
210011228,Keilor,911,8778,8596,8531,8548,8675,8732
210011230,Niddrie - Essendon West,912,7646,7520,7560,7777,7898,8048
210011231,Strathmore,913,10277,10107,10167,10301,10427,10536
210011533,Avondale Heights,914,12642,12473,12377,12556,12792,12861
210011534,Keilor East,915,15471,15174,15173,15289,15463,15645
210021232,Gisborne,916,14245,14340,14446,14885,15405,15959
210021233,Macedon,917,3536,3540,3571,3570,3623,3615
210021234,Riddells Creek,918,4442,4498,4521,4537,4520,4589
210021235,Romsey,919,10612,10835,11079,11247,11463,11567
210031236,Coburg North,920,8775,8513,8581,8788,8882,8932
210031237,Fawkner,921,14781,14184,14160,14667,14900,15096
210031439,Gowanbrae,922,3156,3141,3123,3174,3173,3215
210031440,Hadfield,923,6394,6298,6364,6502,6625,6650
210031535,Glenroy - East,924,15565,14980,14830,15381,15671,15762
210031536,Glenroy - West,925,9246,8976,8985,9311,9518,9563
210031537,Oak Park,926,8153,7978,8081,8257,8450,8559
210031538,Pascoe Vale,927,17951,17402,17425,17876,18356,18674
210041240,Sunbury,928,13858,13788,13820,14197,14758,15364
210041539,Diggers Rest,929,4651,5302,5829,6425,6946,7434
210041540,Sunbury - South,930,15046,15103,15464,16011,16773,17683
210041541,Sunbury - West,931,11547,11271,11131,11355,11368,11497
210051242,Broadmeadows,932,14747,14063,13921,14313,14734,14972
210051243,Campbellfield - Coolaroo,933,16885,16245,15858,16188,16389,16386
210051245,Gladstone Park - Westmeadows,934,18598,18176,17969,18144,18208,18285
210051246,Greenvale - Bulla,935,21279,22406,23492,24570,25668,26757
210051247,Meadow Heights,936,15840,15070,14627,14853,14915,14841
210051248,Melbourne Airport,937,143,130,130,130,130,130
210051250,Tullamarine,938,6824,6628,6486,6551,6667,6727
210051441,Craigieburn - Central,939,8715,8190,7965,8107,8170,8172
210051442,Craigieburn - North,940,12893,12446,12399,12649,12833,12846
210051443,Craigieburn - South,941,21632,22007,22533,23418,23994,24431
210051445,Mickleham - Yuroke,942,18657,23795,28481,31864,35244,39389
210051542,Craigieburn - North West,943,9253,9975,10339,10721,11144,11293
210051543,Craigieburn - West,944,12687,13194,13602,14203,14699,14970
210051544,Roxburgh Park (South) - Somerton,945,10043,9582,9484,9656,9691,9699
210051545,Roxburgh Park - North,946,14993,14848,14936,15149,15375,15440
211011251,Bayswater,947,12992,12708,12692,13011,13270,13388
211011254,Knoxfield - Scoresby,948,17016,16734,16690,16999,17094,17232
211011255,Lysterfield,949,6802,6654,6552,6552,6583,6622
211011256,Rowville - Central,950,15826,15540,15442,15677,15692,15771
211011257,Rowville - North,951,8122,7962,7794,7829,7867,7827
211011258,Rowville - South,952,10754,10462,10378,10460,10566,10578
211011259,Wantirna,953,14866,14446,14220,14516,14607,14634
211011260,Wantirna South,954,18602,18099,17967,18156,18360,18475
211011446,Boronia,955,23924,23837,23829,24161,24512,24763
211011447,Ferntree Gully - North,956,14446,14247,14228,14373,14500,14538
211011448,Ferntree Gully (South) - Upper Ferntree Gully,957,15517,15451,15331,15547,15562,15630
211011449,The Basin,958,4415,4380,4299,4297,4318,4336
211021261,Donvale - Park Orchards,959,16668,16410,16390,16494,16748,16894
211021262,Warrandyte - Wonga Park,960,10404,10181,10076,10124,10212,10229
211031263,Bayswater North,961,12332,11967,11829,11901,12007,12097
211031265,Croydon Hills - Warranwood,962,18640,18232,18141,18303,18352,18457
211031266,Ringwood,963,19158,18919,18962,19297,19593,19779
211031267,Ringwood East,964,21785,21351,21244,21435,21824,22164
211031268,Ringwood North,965,9931,9723,9651,9683,9777,9839
211031450,Croydon - East,966,16403,16236,16196,16570,17141,17345
211031451,Croydon - West,967,14561,14246,14192,14584,14793,14940
211031452,Croydon South,968,5015,4936,4960,5026,5118,5147
211041269,Forest Hill,969,11166,10866,10853,11008,11179,11256
211041270,Mitcham (Vic.),970,17338,16930,16990,17288,17425,17496
211041271,Nunawading,971,12861,12518,12576,12903,13192,13247
211041272,Vermont,972,11337,11079,10983,11141,11333,11435
211041273,Vermont South,973,12303,12042,12027,12161,12237,12250
211051274,Belgrave - Selby,974,10339,10091,9977,9942,9958,9964
211051275,Chirnside Park,975,11767,11876,12079,12373,12483,12603
211051276,Healesville - Yarra Glen,976,14335,14181,14091,14104,14000,14116
211051277,Kilsyth,977,9962,9980,10087,10326,10647,10692
211051278,Lilydale - Coldstream,978,19952,19786,19895,20012,20492,20905
211051279,Monbulk - Silvan,979,5878,5859,5778,5782,5808,5840
211051280,Montrose,980,7051,6993,6949,6909,6893,6904
211051281,Mooroolbark,981,23917,23442,23579,23948,24206,24395
211051282,Mount Dandenong - Olinda,982,9953,9770,9631,9613,9578,9587
211051283,Mount Evelyn,983,9949,9866,9789,9895,9997,10043
211051284,Upwey - Tecoma,984,9952,9848,9719,9750,9832,9867
211051285,Wandin - Seville,985,7996,7963,7935,7963,7969,7996
211051286,Yarra Valley,986,17006,16947,16942,16938,17026,17087
212011289,Emerald - Cockatoo,987,18838,18802,18726,18884,18907,19043
212011546,Beaconsfield - Officer,988,22381,23966,25750,26922,28306,29524
212011547,Bunyip - Garfield,989,9701,9940,10057,10178,10223,10366
212011548,Koo Wee Rup,990,9387,10160,10802,11503,11981,12598
212011549,Pakenham - North East,991,15625,15622,15762,15984,16320,16593
212011550,Pakenham - North West,992,7128,7567,8087,8785,9629,10502
212011551,Pakenham - South East,993,6215,6493,6586,6668,6677,6778
212011552,Pakenham - South West,994,27387,27171,27436,27966,28162,28194
212021293,Berwick - North,995,23710,23181,23065,23540,23748,23637
212021295,Doveton,996,12513,12058,12134,12468,12728,12893
212021297,Hallam,997,11968,11598,11554,11737,11898,12009
212021299,Narre Warren North,998,8365,8308,8225,8191,8160,8237
212021453,Endeavour Hills - North,999,12458,12190,12057,12025,12118,12175
212021454,Endeavour Hills - South,1000,13845,13461,13298,13490,13564,13539
212021455,Narre Warren - North East,1001,13888,13617,13482,13626,13605,13618
212021456,Narre Warren - South West,1002,15170,14900,14933,15234,15403,15484
212021553,Berwick - South East,1003,17923,17986,18357,19128,19954,20765
212021554,Berwick - South West,1004,11196,11362,11629,12093,12746,13243
212031300,Cranbourne,1005,21673,21581,21578,21983,22468,22708
212031303,Cranbourne South,1006,15388,17641,19700,21817,24522,27368
212031304,Cranbourne West,1007,20867,21853,22935,23770,24843,25490
212031306,Lynbrook - Lyndhurst,1008,18118,18271,18624,18995,19379,19545
212031308,Pearcedale - Tooradin,1009,8140,8083,8088,8118,8222,8272
212031457,Narre Warren South - East,1010,13417,13270,13151,13138,12996,13022
212031458,Narre Warren South - West,1011,17356,16930,16751,17066,17089,17083
212031555,Clyde North - North,1012,9217,10652,11675,12490,13108,13667
212031556,Clyde North - South,1013,11904,15038,17977,20645,24557,28328
212031557,Cranbourne East - North,1014,23384,23785,24228,24805,25066,25111
212031558,Cranbourne East - South,1015,11120,12450,13633,14425,15055,15590
212031559,Cranbourne North - East,1016,12658,12925,13237,13537,13621,13691
212031560,Cranbourne North - West,1017,12327,12042,11965,12170,12295,12313
212031561,Hampton Park - East,1018,13386,12858,12823,13115,13348,13393
212031562,Hampton Park - West,1019,13979,13518,13401,13671,13715,13748
212041309,Clarinda - Oakleigh South,1020,12134,11653,11490,11662,11724,11741
212041310,Clayton South,1021,14152,13562,13923,14714,15085,15349
212041312,Dandenong North,1022,23655,22834,22542,22878,23248,23391
212041313,Dingley Village,1023,10736,10553,10542,10654,10728,10770
212041316,Noble Park North,1024,7762,7518,7450,7573,7622,7593
212041317,Springvale,1025,23650,22515,22598,23468,24023,24468
212041318,Springvale South,1026,13295,12728,12450,12813,13111,13274
212041459,Noble Park - East,1027,13605,12889,12842,13330,13641,13935
212041460,Noble Park - West,1028,20237,19810,19646,20165,20260,20473
212041563,Dandenong - North,1029,23012,21820,21333,22141,22963,23327
212041564,Dandenong - South,1030,9898,9491,9535,9798,9993,10039
212041565,Keysborough - North,1031,15619,15205,14987,15099,15059,15067
212041566,Keysborough - South,1032,14915,15290,15636,16218,16827,17117
212051319,Ashwood - Chadstone,1033,20324,19782,20041,20560,20875,21139
212051321,Glen Waverley - East,1034,22684,21882,21727,22410,22630,22820
212051322,Glen Waverley - West,1035,21761,21324,21502,22510,23121,23417
212051323,Mount Waverley - North,1036,16649,16238,16270,16767,17152,17492
212051324,Mount Waverley - South,1037,20062,19471,19586,20213,20522,20659
212051325,Mulgrave,1038,20698,20072,20212,20666,20938,21072
212051326,Oakleigh - Huntingdale,1039,23721,23253,23515,24387,25025,25427
212051327,Wheelers Hill,1040,21193,20854,20667,20950,21236,21281
212051567,Clayton (North) - Notting Hill,1041,11715,10099,10711,12765,14069,14911
212051568,Clayton - Central,1042,14027,12276,12884,14164,14977,15483
213011328,Ardeer - Albion,1043,8082,7590,7463,7692,7880,7955
213011329,Cairnlea,1044,10510,10142,9989,10071,10009,10035
213011331,Delahey,1045,8533,8148,8024,8000,7981,7859
213011332,Keilor Downs,1046,13567,13193,12974,12995,13036,13080
213011333,Kings Park (Vic.),1047,14477,14076,13816,13846,13884,13956
213011334,St Albans - North,1048,21663,20838,20288,20708,20921,21020
213011335,St Albans - South,1049,18385,17656,17098,17452,17697,17705
213011336,Sunshine,1050,10100,9568,9601,9910,10059,10151
213011337,Sunshine North,1051,12451,12161,11966,12185,12462,12751
213011338,Sunshine West,1052,19633,18770,18266,18527,18724,18693
213011339,Sydenham,1053,12432,11859,11583,11776,11929,12025
213011340,Taylors Lakes,1054,17614,17070,16754,16903,16966,16896
213011569,Deer Park,1055,18976,18219,17960,18163,18398,18368
213011570,Derrimut,1056,9015,8748,8705,8826,8880,8958
213021341,Altona,1057,13878,13655,13711,13877,14190,14428
213021342,Altona Meadows,1058,19500,18660,18334,18604,18733,18783
213021343,Altona North,1059,15396,15084,15034,15342,15851,16493
213021344,Newport,1060,19414,18983,18928,19445,19879,20328
213021345,Seabrook,1061,5250,4999,4854,4903,4932,4932
213021346,Williamstown,1062,16659,16075,16154,16557,16867,17102
213031347,Braybrook,1063,19901,19359,19488,20151,20607,20916
213031348,Footscray,1064,18092,17419,18017,19845,20607,20882
213031349,Maribyrnong,1065,13263,12712,12867,13364,13751,13960
213031350,Seddon - Kingsville,1066,9724,9363,9335,9534,9722,9748
213031351,West Footscray - Tottenham,1067,12370,11881,11960,12548,12883,13007
213031352,Yarraville,1068,16068,15651,15607,15954,16153,16159
213041353,Bacchus Marsh,1069,24263,25057,25618,26033,26531,27182
213041358,Melton West,1070,21432,21505,21807,22199,22617,22710
213041359,Rockbank - Mount Cottrell,1071,13341,17900,22867,27141,31254,35856
213041360,Taylors Hill,1072,20288,19794,19859,19863,19818,19874
213041461,Burnside,1073,5743,5857,5995,6199,6418,6635
213041462,Burnside Heights,1074,6628,6440,6334,6473,6460,6443
213041463,Caroline Springs,1075,21238,20634,20659,20896,20954,20934
213041571,Brookfield,1076,9901,9948,9959,10137,10364,10665
213041572,Cobblebank - Strathtulloh,1077,6158,7715,8835,10197,11697,12885
213041573,Eynesbury - Exford,1078,3020,3026,3120,3409,3909,4309
213041574,Fraser Rise - Plumpton,1079,8767,10239,12954,16374,20675,24739
213041575,Hillside,1080,16495,16346,16220,16127,16093,16173
213041576,Kurunjang - Toolern Vale,1081,11979,11748,11814,11889,12031,12082
213041577,Melton,1082,8261,7966,7893,7990,8017,8007
213041578,Melton South - Weir Views,1083,15664,16926,18660,20128,21641,22821
213051361,Hoppers Crossing - North,1084,19405,18657,18230,18273,18353,18359
213051362,Hoppers Crossing - South,1085,19933,18991,18463,18736,18879,18906
213051363,Laverton,1086,11972,11643,11839,12359,12672,12816
213051368,Werribee - South,1087,16350,16994,17428,17780,17866,17936
213051464,Point Cook - East,1088,19135,19593,20081,20740,21396,21797
213051466,Point Cook - South,1089,19372,19384,19610,20167,20490,20835
213051467,Werribee - East,1090,20186,19235,18765,18910,19040,19205
213051468,Werribee - West,1091,20235,22692,25434,28022,30413,32943
213051579,Manor Lakes - Quandong,1092,10023,10791,11395,11954,12519,13667
213051580,Point Cook - North East,1093,14973,14324,14272,14647,14749,14746
213051581,Point Cook - North West,1094,9798,9689,9724,9958,10107,10151
213051582,Tarneit (West) - Mount Cottrell,1095,7364,10316,13015,15199,17068,19169
213051583,Tarneit - Central,1096,28306,28594,28649,29230,29337,29246
213051584,Tarneit - North,1097,5655,7340,9368,11142,13406,15880
213051585,Tarneit - South,1098,11515,11312,11368,11578,11637,11864
213051586,Truganina - North,1099,7904,9548,11538,12957,14210,15384
213051587,Truganina - South East,1100,9090,9761,9994,10399,10633,10846
213051588,Truganina - South West,1101,19407,19389,19472,19868,20259,20395
213051589,Wyndham Vale - North,1102,7852,9176,10654,11820,13052,14515
213051590,Wyndham Vale - South,1103,13913,13704,13692,13850,14106,14135
214011370,Carrum Downs,1104,22391,22264,22386,22858,23286,23464
214011371,Frankston,1105,24264,23909,23809,24132,24736,25043
214011372,Frankston North,1106,19973,19666,19587,19730,19791,19794
214011373,Frankston South,1107,19182,18948,18985,19139,19184,19374
214011374,Langwarrin,1108,25259,25252,25337,25531,25697,25788
214011375,Seaford (Vic.),1109,17443,17362,17465,17731,18024,18305
214011376,Skye - Sandhurst,1110,13679,13423,13459,13506,13573,13601
214021377,Dromana,1111,13175,13469,13560,13560,13756,13925
214021378,Flinders,1112,5957,6024,6026,5989,6030,6064
214021379,Hastings - Somers,1113,24194,24245,24029,23856,23769,23795
214021381,Mount Eliza,1114,19139,18924,18779,18871,18982,19110
214021382,Mount Martha,1115,20076,20026,19960,20057,20116,20161
214021383,Point Nepean,1116,19649,20000,19931,19927,20222,20574
214021384,Rosebud - McCrae,1117,22938,23149,22957,23068,23205,23508
214021385,Somerville,1118,18795,18693,18596,18776,18921,19098
214021591,Mornington - East,1119,15544,15272,15074,15041,15062,15082
214021592,Mornington - West,1120,10719,10638,10621,10746,10794,10900
