sa2_code,ptal_candidate_count,ptal_intersecting_count,ptal_valid_count,ptal_valid_covered_area_m2,ptal_coverage_fraction,park_candidate_count,park_included_feature_count,park_union_area_m2,park_overlap_removed_m2,selected_space_excluding_explicit_water_body_yes_m2_per_person,open_space_inventory_coverage_fraction
206011106,171,117,117,2167998.4518390964,1.0,141,86,292046.0937055356,0.4146452500135638,19.576278039139922,
206011107,327,167,167,3178667.0515242284,1.0,282,141,232409.32997947713,0.019074739975621924,14.307610309676704,
206011109,183,147,147,2988928.1366662337,0.9999999999999962,133,50,203335.82322385328,0.11283778405049816,18.642690311163832,
206011495,176,121,121,2408738.4501897553,1.0,41,12,10632.68568624008,0.0,0.6969967673707033,
206011496,180,137,137,2733708.026017888,0.999999999999992,58,28,229331.96603142508,0.0029405432287603617,14.92463660233144,
206011497,216,180,180,3746611.2105023703,0.9999999999999939,202,102,418701.5718021475,1.6641199103323743,28.7926864856423,
206011498,177,156,156,3187053.2537620566,1.0,36,21,70070.91105007728,0.0,4.674822273005356,
206021110,182,144,144,2884964.5118796676,0.9999999999999777,74,29,255042.30327926474,0.0005867129366379231,26.1608681176802,
206021112,363,247,247,4996935.896138962,1.0,166,74,462813.3513109946,831.0882609478431,22.671495885532355,
206021499,219,173,173,3513479.7050430365,0.999999999999992,60,21,349789.98684507643,0.00015351269394159317,21.904313785777767,
206021500,246,137,137,2631389.259204072,1.0,230,48,239996.90404407727,0.02564849072950892,21.70165191068612,
206031113,358,200,200,3836150.6707506967,0.999999999999984,250,42,449257.4618794218,0.028567640169057995,27.259446818963898,
206031115,121,88,88,1580897.1963042202,0.9999999999999868,103,35,163614.1116879991,0.019744400633499026,16.46845613366972,
206031116,275,213,213,4355548.9177168785,0.9999999999999966,191,88,327457.6682165765,0.36712946329498664,18.201773117226175,
206031501,298,234,234,4888945.682654538,0.9999999999999939,70,13,410373.46082754387,0.00032212038058787584,23.971812654217036,
206031502,248,185,185,3554485.2433554,1.0,195,88,323875.2975214139,0.04787172336364165,24.543444795501863,
206041117,132,97,97,1818205.838113357,0.999999999999953,114,17,280199.0661233622,0.006518842128571123,11.089526501894259,
206041118,174,127,127,2443695.9230297594,0.9999999999999601,85,34,649740.8208895284,5112.557958205813,4.7643911694464505,
206041119,234,148,148,2899659.6156477043,1.0,205,84,974465.5992278714,0.022680243477225304,165.22064278151225,
206041120,152,94,94,1709307.1228722082,1.0,63,2,38168.45572551124,0.0,472.71345848403206,
206041121,177,112,112,2146982.9144537593,0.999999999999902,143,86,306741.0524237424,47.32530921237776,21.10634969290369,
206041124,319,199,199,4048708.027355341,1.0,232,56,1384149.5460095818,0.008069101953878999,163.92860027858612,
206041125,170,90,90,1502222.254324082,0.9999999999999523,66,2,412640.72687421215,1.1641532182693481e-10,59.85505176591415,
206041127,449,296,296,6199353.756776191,1.0,141,47,1031658.5414077368,8887.848547088448,,
206041503,74,47,47,801785.0834649369,0.9999999999998901,77,5,5567.90094897581,0.0,0.3902916689314321,
206041504,42,35,35,561494.3395572375,1.0,47,3,6713.300142847603,9.094947017729282e-13,0.276312979208413,
206041505,103,60,60,1005333.2936493177,1.0,87,17,74829.76048114692,0.0,1.2005910582682893,
206041506,204,126,126,2425252.559916237,1.0,179,44,114254.1605893363,0.0005001711542718112,5.39226663336251,
206041507,132,76,76,1351088.2005964294,1.0,133,45,1094022.5850621013,0.0037677320651710033,,
206041508,115,54,54,849835.372175134,1.0,117,21,91800.35889668927,3.840250428766012e-08,1.534116652631216,
206041509,73,50,50,803842.5516341969,1.0,66,6,8537.369930367395,7.582822763652075e-05,0.4366494440654355,
206041510,61,48,48,824582.6171310046,0.9999999999998945,33,20,86700.32481168618,0.0,8.939099372274066,
206051128,361,230,230,4675440.2887559915,0.9999976806589284,179,45,1574660.5739351711,0.6499481990467757,91.26879811830635,
206051129,192,135,135,2553507.812446485,0.9999999999999958,89,43,365338.3401570447,0.0,22.754007234493347,
206051130,216,140,140,2702133.129168613,0.9688294008545675,131,70,498202.11808355234,0.0003297235816717148,29.432393104717416,
206051134,246,127,127,2413147.0247796215,1.0,59,8,106597.44801438636,0.0,6.133339931782874,
206051511,661,374,374,7578861.829734519,0.9916477821786811,237,24,781666.0229238531,0.044765458442270756,161.20477710873104,
206051512,165,104,104,1889630.374502983,0.9999999999999192,70,29,38738.99991320884,7.275957614183426e-12,2.9499695334456932,
206051513,126,84,84,1537613.7240889214,0.9999999999999837,22,8,75738.30883664393,0.0,5.4052461345021365,
206051514,169,129,129,2363690.467493595,0.9999811030769293,65,49,639889.7109927052,0.28072962164878845,39.2618548897242,
206061135,151,114,114,2182790.134812289,0.9999999999999878,11,6,52156.133419192294,0.0,5.198976616745643,
206061136,185,146,146,2904489.4528978313,0.9999999999999755,93,27,141069.02238918253,0.001449834817321971,6.681935505361052,
206061138,274,204,204,4323341.196810312,1.0,93,27,100836.8195890481,0.0003699465742101893,7.409024216682468,
206061515,108,69,69,1169588.120554273,0.9999999999999383,68,17,225831.23369706704,0.0004052983713336289,16.38952273002929,
206061516,96,73,73,1347806.6171580353,1.0,31,20,28800.172156805715,0.0,2.758637179770662,
206071139,188,104,104,1740629.0253779113,1.0,112,48,271425.928582433,0.06502304971218109,26.28579198837244,
206071140,127,112,112,2304088.404639107,1.0,100,16,377336.8791565898,0.058189872186630964,42.74318975493769,
206071141,84,70,70,1267010.462939922,1.0,43,7,3461.740113669628,0.0,0.30411491818234454,
206071142,88,71,71,1377460.5795185324,0.9999999999999841,46,10,21130.143752877222,0.0,1.7412561807068168,
206071143,180,128,128,2504967.1995227127,0.9999999999999725,165,79,303190.320104136,0.0,22.051808866398396,
206071145,660,286,286,5208342.0608449485,1.0,364,57,1645547.555213583,0.09663925063796341,142.82498684704183,
206071517,298,213,213,4288771.834951907,0.99999999999999,208,57,639690.0280585785,0.03295283007901162,33.27386361813109,
206071518,121,101,101,1923595.3050105334,0.9999999999999968,70,27,73040.84459566367,0.00954330526292324,4.772975533925626,
207011146,238,147,147,2836246.751335072,0.9999999999999979,86,42,271090.25051224063,0.0023492606123909354,32.002154469627555,
207011147,359,269,269,5584971.600078922,0.9999999999999881,87,31,304033.5985244504,0.0,18.024282577925682,
207011148,532,406,406,8848160.56577817,0.9999999999999977,205,76,1042600.4657546582,2.016938971239142,46.39373943019313,
207011149,527,341,341,7290909.797609002,1.0,113,61,435775.5096025372,0.0005271778791211545,19.761269254604496,
207011150,515,277,277,5704877.24368495,1.0,150,74,566316.7978551966,0.015186780248768628,32.08593755553582,
207011152,270,188,188,3824272.4912203983,1.0,60,24,288779.77207202354,0.0,16.46313049837658,
207011154,272,202,202,4015302.36459625,1.0,166,49,540382.0339283162,0.008601632318459451,79.49415252453666,
207011155,408,276,276,5702012.308670506,1.0,95,37,258049.0605551358,0.0,15.90049051421127,
207011519,195,126,126,2455658.439843886,0.9999999999999452,221,43,261821.67848314994,0.003408755990676582,23.99832066756648,
207011520,298,168,168,3216011.6442660936,1.0,220,36,251160.42928857123,0.002188824786571786,18.519424073777863,
207011521,291,209,209,4322953.799969928,0.9999999999999793,73,19,198591.36493961816,0.005637118796585128,16.137767344353826,
207011522,614,321,321,6209705.989278784,1.0,343,131,1675388.4981857066,0.1715771984308958,121.41376175695957,
207021156,506,330,330,6670411.905845858,1.0,229,99,1400003.5523537945,0.46343403309583664,117.83711226876518,
207021157,618,409,409,8773244.51766798,0.9999999999999979,318,125,943318.6322243116,0.02908420783933252,33.270505139643014,
207021159,1090,729,729,16114902.619834134,0.9999999999999977,353,104,5432994.208180471,2.777040525339544,311.48917602574363,
207021160,515,281,281,5937488.674628731,1.0,153,58,910441.5189354914,0.0,61.95106381758285,
207021424,676,317,317,6402257.944830471,0.9999999999999967,300,69,677020.0495460674,1.548323780298233e-08,40.68141146172833,
207021425,295,229,229,4767989.962844481,1.0,109,56,266596.6209571999,6.064423359930515e-06,15.6978520259789,
207031161,516,392,392,8605918.863558121,0.9999999999999961,213,139,949357.0136360738,0.005189262446947396,31.82756667913585,
207031162,208,178,178,3596190.1913426816,1.0,77,35,322676.3621956277,5.820766091346741e-11,26.355870279722165,
207031163,415,323,323,7011467.635906239,1.0,190,81,583117.8647251654,0.0,21.433428829124658,
207031164,408,296,296,6207573.8661434045,0.9999999999999862,240,150,612637.0920432985,0.12476220598910004,31.003901419196065,
207031165,350,239,239,5038577.855604876,1.0,143,66,709672.6574857825,2.3283064365386963e-10,45.84448691768621,
207031166,286,208,208,4261720.373150739,1.0,89,39,349843.0960985788,5.820766091346741e-11,26.441426753198943,
207031167,215,163,163,3327567.6328410623,0.9999999999999925,93,21,61842.83440817543,0.0,5.738941574626525,
208011168,335,280,280,5966798.382981488,0.9998674060400601,146,29,446268.5156140516,0.0,30.806883585120172,
208011169,491,380,380,8199969.425848047,0.9999715090632872,123,42,636440.740956547,2.1187588572502136e-08,26.14793512557797,
208011170,432,271,271,5607535.201830268,0.9999999999999887,52,8,391694.7136812267,0.0,22.400475447856955,
208011171,450,258,258,5319200.720240248,1.0,84,12,172708.75962502262,0.0,13.027740787887351,
208011172,344,261,261,5521200.335050937,0.971254783217642,45,18,526389.5760516659,1.862645149230957e-08,26.961154274312868,
208011173,495,318,318,6425932.083329006,0.9994443244480857,121,22,761233.0804770276,0.0,42.1245686722926,
208021174,378,291,291,6224252.78533348,1.0,64,38,273858.1373847389,0.0,10.15568261457906,
208021176,256,182,182,3804359.9268902643,1.0,34,17,189174.76103830495,0.0,8.89564379941244,
208021177,576,306,306,6418842.188875617,0.9999999999999863,102,14,360409.1746565491,0.0,14.629964467487277,
208021178,279,224,224,4742017.622300338,1.0,27,8,145108.29063968765,5.820766091346741e-11,7.547502893981464,
208021179,199,145,145,2861624.7022175514,1.0,90,9,38654.52472455892,0.0,3.013528083305443,
208021180,142,104,104,2009487.0673644026,0.999999999999997,41,4,35131.3959447508,0.0,4.320142147657502,
208021181,189,128,128,2514550.3639717414,0.9999999999999953,44,24,215371.56579254527,0.0,21.269165099007036,
208021182,293,154,154,2936719.397672939,1.0,35,6,98346.9236459872,1.4551915228366852e-11,6.488548106220704,
208021426,271,220,220,4598658.150537193,1.0,36,14,151330.6388063685,2.9103830456733704e-11,8.466997079749817,
208021427,274,216,216,4587620.401393352,0.9999999999999872,71,22,188288.3254017589,0.002592324366560206,12.595379316459889,
208031183,432,256,256,5306508.05035247,1.0,206,120,1936136.5409165332,0.0,129.7605318117267,
208031184,738,421,421,9080767.600980613,0.9999999999999795,189,14,3328669.3981455527,0.0,106036.71974911825,
208031185,523,285,285,5823703.653749502,0.9999325484576653,204,105,1240547.1046163465,0.000850082840770483,78.65235679038626,
208031186,383,261,261,5422336.999055196,1.0,114,58,907922.6612721244,0.0,50.731594318820534,
208031187,290,164,164,3195023.3629505043,0.9999999999999882,105,30,836042.0526806759,0.0,153.543076709028,
208031188,713,409,409,8736083.505630942,1.0,144,55,673595.6845996825,0.0,25.59254120819462,
208031189,441,252,252,5098966.3435114855,0.99983716254873,197,67,704970.8646156392,1.0977964848279953e-07,47.87119059066666,
208031190,376,228,228,4449167.635435485,0.9999999999999531,110,30,276175.70857038366,1.7462298274040222e-10,19.51082363619807,
208031191,1242,547,547,11698837.53113963,0.9999999999999937,256,43,742692.093759166,0.0,32.1303187982,
208031192,203,151,151,3075216.6695364476,1.0,20,0,0.0,0.0,0.0,
208031193,442,369,369,7967035.876987421,0.9999999999999712,162,79,697854.2124750073,0.0,30.66054727026673,
208041194,548,300,300,6154948.3060927335,0.9999999999999968,171,75,449608.4608852494,0.02772982930764556,20.605337345794517,
208041195,649,360,360,7567251.841826152,0.9999999999999896,206,97,537502.2335632921,0.3010516945505515,22.399659675083957,
209011196,313,201,201,4074714.77999235,0.9999999999999253,123,45,347341.4697706172,1.1641532182693481e-10,33.595267411801636,
209011197,890,474,474,10095887.07484286,0.9999999999999744,459,198,1252178.5346553966,4.190951585769653e-09,58.55132024012915,
209011198,418,303,303,6371455.012317092,1.0,165,119,928026.6631232474,0.45438886585179716,53.582714409122985,
209011199,388,314,314,6690936.11244179,0.9999999999999908,71,31,757677.9017180032,47.0697867507115,43.983426436651165,
209011200,459,258,258,5049959.365837139,0.9999999999999716,139,55,697081.2325306413,496.9013131830143,50.19597590062584,
209011201,352,217,217,4277315.740114982,1.0,74,19,958096.6884258594,45.95038557599764,111.36703912742985,
209011202,910,564,564,12026295.755745485,1.0,302,96,1482781.7166974603,257.16406225506216,87.00749423174899,
209011203,837,482,482,10237530.0934663,0.9999999999999843,296,101,2116899.918040504,0.001044341828674078,110.72326534027819,
209011204,306,192,192,3785228.262172208,1.0,99,38,358855.251349605,0.0,37.75833873627999,
209021205,686,419,419,9008470.695915515,1.0,260,121,1744486.3109516718,0.010809765662997961,134.89686908070414,
209021428,475,359,359,7744420.942003273,1.0,160,32,352224.7571985144,1105.4821344465017,15.03397716653738,
209021429,225,172,172,3567539.4887793525,1.0,160,42,167793.00319925105,3.291516441560816,12.185789214661778,
209021523,338,229,229,4787793.841962054,0.9999999999999852,142,87,565951.1565762429,0.11475527659058571,34.659266126293254,
209021524,313,218,218,4530057.533737377,1.0,140,51,452183.36490053573,0.029936037957668304,46.00370992270085,
209021525,268,201,201,4178369.9955097064,0.9999999999999758,59,20,393125.1821291015,9.094888810068369e-05,27.79644927731734,
209021526,323,268,268,5624967.459709991,0.9999999999999888,153,60,535917.5615188838,4.944920022506267,34.328934496919544,
209031209,1510,879,879,19484551.716349766,1.0,574,312,3120946.207624085,11.259284048806876,131.85796643851077,
209031210,1079,703,703,14839304.976640113,0.9999999999999901,67,42,645348.0292490381,0.03223310282919556,183.2854385825159,
209031211,7998,458,458,6087577.051011872,0.019059147986953316,86,3,957.6558257201334,0.0,0.21671324410955708,
209031212,19523,12082,12082,292133467.9032168,0.9999999999999981,1258,159,6272062.017438048,12.48102404922247,1222.6241749984674,
209031213,2833,1334,1334,29113397.136708684,0.9999999999999987,877,132,4746237.203067979,0.5220809187740088,487.63272664278804,
209031214,3633,2176,2176,49785384.17512003,1.0,390,88,2563306.4418070475,8.141305338125676,364.1577556318141,
209031215,2183,1202,1202,26820395.01049792,0.9999999999999996,408,145,946435.8170936721,0.05619867017958313,63.69444895980035,
209041216,335,241,241,4714039.568822005,1.0,119,44,1534995.6896316623,0.0,190.27285464778942,
209041217,236,133,133,2560522.9904989614,1.0,111,75,355014.84663735284,8.207280188798904e-09,52.16204035224229,
209041220,599,383,383,8135139.547952233,0.9999999999999547,254,81,1414533.876398023,0.0035527783911675215,79.84819747150915,
209041221,403,252,252,4929577.491259944,1.0,148,55,888702.7203778324,0.44341661036014557,76.26405400555706,
209041223,946,666,666,14683708.886230217,1.0,258,86,1296355.994302065,0.05412648734636605,62.189888546500256,
209041224,11760,3677,3677,87296585.67600748,0.17194353023729927,276,80,658613.4031281203,0.0,21.706327965464386,
209041225,16557,12211,12211,297947685.09198457,0.9999981954265711,357,107,19488667.132648155,0.0008264854550361633,1072.3377975485946,
209041431,445,353,353,7768401.630898642,0.9999999999999867,163,67,1157271.5478658748,0.0,85.37599025200066,
209041432,2123,736,736,15870886.22435389,1.0,483,78,481269.7360048425,1.2590899132192135e-06,57.83101850574838,
209041433,426,335,335,7357188.948937611,1.0,158,91,730654.9806104224,3.4924596548080444e-10,56.661882947686905,
209041435,991,625,625,13708120.340915715,0.9999999999999831,340,132,5460044.648089437,0.3458490427583456,409.9308531976217,
209041436,726,374,374,7743972.713112709,1.0,394,108,1782456.9811269485,2.3342533982358873,134.4480386996205,
209041437,3051,2275,2275,53890011.713032156,0.9999999999999981,81,42,624583.4769779267,0.00019731069914996624,17.038122019148098,
209041527,587,431,431,9438120.30605366,1.0,216,118,1062181.0201574543,2.3283064365386963e-10,61.458139221052726,
209041528,316,236,236,5021685.57923707,0.9999999999999553,119,57,1289488.0188444282,7.501154944533482,107.33269003589751,
209041529,216,164,164,3322976.0288028787,1.0,68,29,242729.87009931437,0.6119987157580908,23.152362163473466,
209041530,547,406,406,8736656.339012658,0.9999999999999958,97,48,624226.7431764978,0.0509805278852582,44.01387071245651,
209041531,917,676,676,15194393.236561447,1.0,158,66,972736.0653425795,1.1641532182693481e-09,80.65136102666285,
209041532,587,405,405,8626219.037421377,0.9999999999999785,209,83,1154161.1133785602,6.565824151039124e-08,83.30887204985035,
210011226,298,185,185,3720000.160345872,1.0,59,29,252299.23139718545,0.0,28.725860343525625,
210011227,289,172,172,3355066.5942493235,1.0,57,0,0.0,0.0,0.0,
210011228,1754,806,806,17513864.713791847,1.0,403,100,4638271.972428047,0.1076913708820939,531.1809404979429,
210011230,290,149,149,2803158.8592279027,1.0,128,59,504304.223369086,0.07280163757968694,62.66205558761182,
210011231,702,227,227,4144892.6911441917,0.999999999999952,303,130,635518.5225170978,0.04303193755913526,60.318766374060736,
210011533,397,265,265,5408878.296055153,0.9999999999999688,166,84,1566679.5900825222,1.374023583251983,121.81631211278574,
210011534,390,263,263,5483820.138281227,1.0,159,79,613435.5830448382,0.006643984233960509,39.20968891306057,
210021232,1228,160,160,1975367.9713112214,0.009356102340830301,3,0,0.0,0.0,0.0,
210021233,0,0,0,0.0,0.0,0,0,0.0,0.0,0.0,
210021234,439,92,92,1043544.8625854447,0.012517002576921163,0,0,0.0,0.0,0.0,
210021235,1756,157,157,2001381.769304567,0.0032031623828693272,12,7,8045.535467377054,0.0,0.6955593902805166,
210031236,266,229,229,4878153.304910378,1.0,169,85,951756.1059218084,262.03755338746123,102.03817373491705,
210031237,335,247,247,5084872.669515045,1.0,167,114,859935.4999832385,0.009404530166648328,55.960806061673914,
210031439,189,84,84,1522773.1493210257,0.9999999999999235,76,35,392941.7998418082,2.9976945370435715e-08,122.22139963976295,
210031440,196,150,150,3050365.3897674945,0.9999999999999707,30,8,80222.51729846402,0.0,12.063536435859252,
210031535,463,296,296,6247702.403900291,1.0,96,28,435980.08355998265,0.0,27.660200708030874,
210031536,187,131,131,2611095.7299408764,0.9999999999999991,90,35,372321.37891597144,0.0,38.93353329665802,
210031537,293,140,140,2353830.8605503035,0.9999999999999974,198,109,300440.3241108376,0.9451879456755705,35.1022694369455,
210031538,284,217,217,4630118.611682839,1.0,158,30,302685.1332190818,0.0,16.208907208904456,
210041240,8469,5443,5443,129565979.14055376,0.9999755367168608,405,131,2682318.045983698,0.0,174.58461637488273,
210041539,4929,2225,2225,51904065.293609984,0.9999999999999869,262,9,134045.1446007889,0.0,18.03136193177145,
210041540,3728,1787,1787,41457245.89878642,0.9999999999999971,268,100,1323827.5517540781,0.0,74.86442072917933,
210041541,2955,1618,1618,37785744.190721065,0.9995405165764706,142,79,1088613.8378712286,0.0,94.68677375586921,
210051242,675,406,406,8826804.964068538,0.999999999999977,149,42,1133602.0655605851,161.8019735473208,75.71480534067477,
210051243,1191,812,812,18186770.268557835,0.9999999999999857,173,74,1157146.823741367,0.12936425930820405,69.56281709849942,
210051245,1186,630,630,13937720.092398746,1.0,306,137,3262508.629190891,0.18383111199364066,178.42541040147438,
210051246,7925,4134,4134,95915621.42270559,1.0,513,198,10993618.759629747,0.06806913204491138,410.86888513771186,
210051247,267,214,214,4625431.802630369,0.999999999999972,144,84,814775.9056823498,0.016620696056634188,54.90033728740197,
210051248,2186,1344,1344,30387801.756591123,1.0,97,19,460410.0620561753,0.00024739361833781004,3541.615861970283,
210051250,346,196,196,3859821.3986021327,0.9999999999999892,60,25,186762.38279019686,2.9103830456733704e-11,27.76310135130026,
210051441,265,199,199,3968562.4853283116,0.9999999999999936,82,40,275724.3196063443,4.437327152118087e-05,33.740127215656415,
210051442,1275,615,615,13351986.74595533,1.0,146,60,1358742.084143195,0.00044649303890764713,105.77160860526197,
210051443,1040,551,551,11914524.854686486,0.9999999999999966,284,140,892058.5942750581,0.662899691844359,36.513388493105246,
210051445,5315,3015,3015,70839340.33547093,1.0,338,41,444982.7725802009,3.7599454284645617,11.29713302140724,
210051542,181,103,103,1919668.6963245797,0.9999999999999596,31,10,22581.47162678148,5.872570909559727e-06,1.9995990106067014,
210051543,289,198,198,4089633.5879551163,1.0,79,27,343894.16802972794,0.0,22.972222313275072,
210051544,688,414,414,8876257.39423663,1.0,293,123,881527.4782074712,0.0005410081939771771,90.888491412256,
210051545,264,171,171,3414268.7614240195,0.9999999999999982,183,69,355399.38884766743,0.0,23.018095132620942,
211011251,584,378,378,8041862.153451601,1.0,239,115,378288.50942615507,0.009613057074602693,28.25578947013502,
211011254,1613,713,713,15262104.990297152,0.9999999999999979,454,91,1625883.2718442257,0.00011397874914109707,88.04466000465642,
211011255,1602,831,831,18489246.896974854,1.0,209,35,5691551.992255213,0.0,859.4913911590472,
211011256,640,389,389,8198601.27161417,1.0,214,42,707111.7895001491,1.0011717677116394e-08,24.472842150203807,
211011257,330,208,208,4167579.6305844556,1.0,144,58,558877.0557312279,0.0,35.42401294919846,
211011258,751,441,441,9351500.686197668,0.9999999999999792,200,58,1211245.2485082408,16.197973531438038,47.96525467821138,
211011259,643,385,385,8304688.523317984,0.9999999999999877,364,135,1387280.1937203393,0.0020600715652108192,94.79842788850286,
211011260,965,611,611,13353313.851667605,1.0,371,124,4078787.7285827957,0.10180925112217665,220.74227788572293,
211011446,1146,545,545,11260795.394918576,1.0,375,104,894655.3790516965,6.740447133779526e-08,27.05996725102707,
211011447,537,338,338,6983567.774144016,0.9999999999999918,169,73,513254.4230949565,0.0007487147231586277,26.620023481576776,
211011448,809,435,435,9148040.806226056,0.9999999999999876,212,95,973318.071875934,0.0017490950413048267,47.95224385967616,
211011449,463,285,285,5714603.48816599,0.9999999999999568,106,27,175012.79233370133,4.220055416226387e-09,40.362728859249444,
211021261,1520,922,922,20798856.760575898,0.9999999999999939,549,145,1881301.511403142,0.00010327016934752464,111.35915185291665,
211021262,3634,2062,2062,45749743.069978155,1.0,619,137,2786174.4981893175,7.342082861345261,272.3799489907156,
211031263,753,465,465,9906917.335194688,0.9999999999999902,303,95,643933.874832033,0.0004222479183226824,53.23087334314151,
211031265,642,436,436,9489999.536032159,0.9999999999999819,325,130,856880.3326187473,0.3248399826698005,46.425764350584664,
211031266,1245,478,478,9908942.420793427,1.0,536,128,1266104.2700890237,4.9964990466833115e-05,64.01255220633125,
211031267,733,438,438,9390989.574092155,0.999999999999997,402,115,759032.5387749808,51.986044843448326,34.24618926073599,
211031268,468,235,235,4729944.801691387,1.0,177,66,584830.5323240308,4.039611667394638e-08,59.4400378416543,
211031450,656,377,377,8096487.344050724,1.0,180,44,1377018.1023429781,0.0,79.38991653750233,
211031451,858,335,335,6796536.49970167,0.9999999999999906,274,64,504180.04168078164,0.0036120687145739794,33.74699074168574,
211031452,274,158,158,2855215.3286996023,0.9999999999999636,80,22,97725.55103236095,0.0,18.986895479378465,
211041269,334,203,203,4069874.2353081573,0.9999999999999947,118,43,305086.08381638647,5.477340891957283e-08,27.10430737530573,
211041270,369,301,301,6625853.020283488,1.0,157,86,617655.3016446894,3.4924596548080444e-10,35.30265784434669,
211041271,345,250,250,5077369.686351403,0.9999999999999938,137,72,408969.858445123,0.0014706597430631518,30.872639725607492,
211041272,259,219,219,4608632.237059175,0.999999999999983,118,44,452446.26109215856,6.0994469095021486e-05,39.56679152533299,
211041273,356,288,288,6182917.706101012,0.9999999999999966,134,79,725028.0828318186,0.00270547391846776,59.185965945448416,
211051274,3977,2402,2402,55635750.23177531,1.0,660,185,10256602.235134788,0.0,1029.365940900721,
211051275,1356,977,977,22196963.38957919,0.9999999999999981,156,35,401013.58829223976,0.7162329857237637,31.81889933287926,
211051276,24332,15235,15235,369229526.85005796,0.9995659205257073,516,216,43047477.02362801,0.9772981479763985,3049.5520702486083,
211051277,815,403,403,8240125.443670191,1.0,283,52,358456.94741846976,3.259629011154175e-09,33.52571524677075,
211051278,10374,4680,4680,109348464.77770285,0.9999999999999974,762,183,2970453.2019310463,4.894160444382578,96.95423159748695,
211051279,6336,2973,2973,68531621.48514643,1.0,334,38,1442931.4902474822,0.0016548412386327982,247.07730997388347,
211051280,1041,494,494,10540295.638982391,0.9999999999999848,253,56,843158.8040748741,0.0,122.12613037005649,
211051281,1025,574,574,12540577.964104984,1.0,346,96,939291.8358073699,0.056324713048525155,38.503457093968144,
211051282,6799,3555,3555,81875354.3250464,0.9999999999999972,1120,141,8527883.3072755,0.0,460.2569871856848,
211051283,1158,759,759,16984598.526512302,1.0,212,93,1565941.768218568,3.259629011154175e-09,155.92370489082657,
211051284,649,416,416,8888818.171763333,0.9999999999999986,169,55,233327.13949789622,0.0,23.53482601365233,
211051285,6743,4697,4697,111716524.19325821,1.0,220,84,1152616.062157098,5.525397136807442e-05,144.1490823107926,
211051286,49990,29908,29908,729416406.087084,0.9999999751184461,1246,439,284107180.34826374,0.6567966938018799,16604.066171278955,
212011289,27804,15564,15564,371473321.76347554,0.9999999999999971,1426,278,41547619.80640825,0.8755104914307594,2181.7791212733414,
212011546,2356,1466,1466,33240512.45232717,0.9999999999999951,250,119,1661829.9325451655,0.00039063673466444016,56.28742489314341,
212011547,19035,15175,15175,365795194.0241495,0.9999955576501487,306,138,7257339.91750229,0.4265804225578904,700.1099669595119,
212011548,28285,17273,17273,414248830.7113213,0.9994035597867185,716,225,9352665.66059906,0.011893242597579956,742.3928925701749,
212011549,1490,859,859,18921723.835684434,0.9999999999999931,193,97,751241.9556169875,0.01143307238817215,45.27463120695399,
212011550,1635,1091,1091,24669135.952070784,0.9999999999999902,166,38,1292459.5465293296,4.656612873077393e-10,123.06794387062745,
212011551,1838,1341,1341,30929071.899178002,1.0,177,70,730106.6078776856,0.0,107.71711535522066,
212011552,1597,994,994,22270203.382404745,1.0,340,147,1518346.6862966146,0.08319462276995182,50.250603353134835,
212021293,1431,890,890,19742013.899352033,0.9999999999999803,644,221,3848397.4727956424,0.006202823482453823,162.81243274508822,
212021295,439,256,256,5192127.251466497,0.9999999999999912,179,68,935678.6829821686,8.009024895727634e-05,72.57261172591039,
212021297,491,373,373,8054544.526365384,0.9999999999999889,176,84,575464.8858997886,2.6775524020195007e-09,47.919467557647685,
212021299,2416,1506,1506,34399266.458361566,1.0,695,100,2725866.0515819937,0.0006496487185359001,330.92947087313235,
212021453,890,649,649,14471221.250897272,1.0,182,75,5113642.645960404,0.00028055254369974136,420.0117163006515,
212021454,420,266,266,5586362.366270217,0.9999999999999865,232,112,458229.4355805156,0.0,33.84514628706076,
212021455,450,239,239,4872825.9813894825,0.9999999999999954,382,113,631273.7950108241,0.0,46.35583749528671,
212021456,917,438,438,9303106.641506514,1.0,620,97,1453239.9769541968,2.3283064365386963e-09,93.85429972579433,
212021553,651,453,453,9881007.039636204,0.9999999999999836,267,118,868297.559476064,0.0005626623751595616,41.815437489817704,
212021554,361,246,246,4970234.444099371,1.0,161,59,874008.4946657191,0.0,65.99777200526279,
212031300,919,596,596,13023697.398299962,0.9999999999999738,340,107,1630961.2653718626,0.0005149370990693569,71.82320175144717,
212031303,4690,3461,3461,81641107.48166117,0.9999999999999932,186,44,442764.83821904083,0.0,16.178194907155834,
212031304,992,586,586,12895460.174072295,0.9999999999999895,195,56,663889.9131306093,0.0,26.04511232368024,
212031306,512,349,349,7356633.171504842,0.9999999999999925,229,64,636986.3734627817,0.0005323828663676977,32.59075842736156,
212031308,5247,3732,3732,87574913.08805853,0.8892172560723409,201,77,2477701.7301766686,0.0,299.5287391412799,
212031457,414,291,291,6218866.661217951,0.9999999999999833,200,61,1082273.7190752032,2.421438694000244e-08,83.11117486370966,
212031458,474,322,322,6775130.998002081,1.0,301,118,725505.7574193341,8.149072527885437e-10,42.469458374953774,
212031555,450,326,326,6881370.043268636,0.999999999999981,30,6,106568.06954087532,0.0001835473085520789,7.797473442663008,
212031556,1102,864,864,19648386.000772074,1.0,11,3,41009.218290355915,2.315406163688749e-05,1.4476566750337765,
212031557,737,500,500,11022668.814463569,1.0,168,60,546735.0516988466,0.0007621577242389321,21.772731141684783,
212031558,441,258,258,5325931.8808791395,0.9999999999999882,85,7,927715.9420061838,1.1641532182693481e-10,59.50711622874815,
212031559,322,256,256,5453390.445221698,1.0,92,24,202339.11832901783,2.9103830456733704e-11,14.77898753407478,
212031560,280,228,228,4783872.223280515,1.0,144,40,278808.2124477263,5.820766091346741e-11,22.643402294138415,
212031561,525,380,380,8217005.334827413,0.9999999999999926,292,102,1508166.266512132,0.0,112.60854674174058,
212031562,319,240,240,5122393.363632034,0.9999999999999986,133,69,905065.4459542606,0.0,65.83251716280627,
212041309,508,301,301,6322034.527188045,1.0,141,45,360721.3334814185,0.0,30.7232206355011,
212041310,484,365,365,7937506.591054175,1.0,111,36,588197.0454258592,0.0,38.32152227675152,
212041312,571,437,437,9456414.846497212,1.0,134,78,1752507.3469742355,0.028556608594954014,74.92229263281725,
212041313,516,337,337,7242515.485504742,0.9999999999999964,160,43,360016.3360309329,0.0,33.42770065282571,
212041316,353,192,192,3757144.6796282167,1.0,69,20,225826.37805440553,0.0014295945002231747,29.741390498407164,
212041317,832,508,508,11104062.17850643,1.0,137,32,268023.38515177334,401.9960796479136,10.954037320245764,
212041318,347,225,225,4559131.6521324925,0.9999999999999691,91,26,599970.9294388704,0.0,45.19895505792304,
212041459,527,200,200,3767025.8586457064,1.0,97,27,281051.6560570456,0.005257392243947834,20.168758956372674,
212041460,400,237,237,4792975.187305275,0.999999999999958,75,27,130649.2931285035,0.0,6.381541206882406,
212041563,612,373,373,8039762.892150933,0.99999999999996,272,118,1271582.3097408034,1.142666222061962,54.51118059505286,
212041564,4026,2300,2300,53773201.85659823,1.0,763,190,3337539.21443099,0.006964508444070816,332.45733782557585,
212041565,464,321,321,6603806.914921691,0.999999999999992,188,64,477772.96962554776,0.018692464975174516,31.70989378280651,
212041566,1624,1036,1036,23671042.14039637,1.0,371,98,1563631.2795946796,0.06937406747601926,91.34961030523533,
212051319,422,314,314,6708074.779365006,0.9999999999999672,145,66,594027.6453625262,0.0,28.101028684541657,
212051321,688,428,428,9162407.412959557,1.0,144,55,1151546.8988726542,0.12261832924559712,50.46217786581928,
212051322,482,356,356,7674462.007852766,0.9999999999999888,134,72,537281.9330863411,0.0,22.944097582369267,
212051323,357,297,297,6483022.335140446,1.0,84,38,414364.8293533253,1.1641532182693481e-10,23.68881942335498,
212051324,484,398,398,8699887.49494684,0.999999999999997,125,68,810057.8299484602,0.0,39.21089258669153,
212051325,1102,499,499,10716830.107818605,0.9999999999999906,253,101,708706.2890017794,9.250469016376883,33.54631091705915,
212051326,697,464,464,10168978.648373945,0.9999999999999971,153,47,523616.7110766817,0.0292899725609459,20.59294101060611,
212051327,682,477,477,10437007.041966906,1.0,135,74,2229371.2224799492,0.009041568730026484,104.75876239274227,
212051567,387,249,249,5228754.452727944,1.0,73,15,53829.58760264703,0.0,3.6100588560557325,
212051568,290,202,202,4181183.7601361666,1.0,43,10,78218.84511940536,0.0,5.051917917677799,
213011328,314,220,220,4588826.328743953,1.0,70,49,1084518.5794823654,0.0,136.3316881813154,
213011329,324,217,217,4406408.387559897,0.9999999999999822,115,60,730562.9695000808,0.007251874660141766,72.8014917289606,
213011331,230,167,167,3506016.2105501425,1.0,187,80,184376.20774622142,0.0,23.460517590815805,
213011332,938,375,375,7660695.621441811,1.0,209,68,1869788.7992117684,6.119767018826678,142.95021400701611,
213011333,277,212,212,4432641.593629939,1.0,95,52,501131.38165187574,0.00011790212010964751,35.90795225364547,
213011334,416,303,303,6523076.481242469,0.9999999999999603,73,27,200582.1471441594,0.0,9.542442775649828,
213011335,587,307,307,6265971.118037499,1.0,176,51,670620.7242133095,0.0,37.877476657061386,
213011336,357,239,239,4732315.184078121,1.0,159,83,458573.1558125736,2.831985740107484,45.1751705066096,
213011337,535,368,368,8023690.365339984,0.9999999999999819,128,44,818995.0369282066,0.005135717568919063,64.22986722047054,
213011338,1162,602,602,12970421.138334276,0.9999999999999862,293,119,904753.3817696582,0.001949239638634026,48.40065167547376,
213011339,386,196,196,3948924.1666261447,1.0,218,75,302249.74272453,0.001669448392931372,25.135113740085654,
213011340,1603,842,842,18465492.494071174,0.9999999999999968,450,134,963184.1378278907,0.0,57.00663694530604,
213011569,561,379,379,8077725.9352649795,0.9999999999999898,174,65,781802.4144472663,0.0005494438810274005,42.56328475867049,
213011570,869,595,595,13259618.433174416,1.0,135,38,800308.2099373147,0.0,89.34005469271207,
213021341,1150,792,792,17675751.234537106,0.9994886459084465,348,77,5096516.770518687,0.0,351.39882072041524,
213021342,910,491,491,10531830.666555874,0.9988932200114299,322,127,4558329.144444991,4.0959713365882635,242.68319226860433,
213021343,1259,723,723,16185856.319204208,0.9999999999999747,221,54,1172129.4939561982,0.0,69.12106400384529,
213021344,732,430,430,8836643.874933384,0.999558042594324,257,60,1587308.8486416352,1097.0404450492933,77.05931608046242,
213021345,120,86,86,1620150.07709822,1.0,43,19,218311.55331252943,0.0007118080393411219,44.209907018248174,
213021346,431,355,355,7346548.9215783905,0.9998963127464142,136,71,1139643.950425441,0.7276049326173961,65.19698269362813,
213031347,542,351,351,7485450.562735268,0.9999999999999669,137,46,561530.4441856713,0.10804704972542822,26.846932691990354,
213031348,455,240,240,4967394.437054487,0.9999999999999968,228,63,809263.334020908,516.3788257604465,32.61116131069346,
213031349,481,272,272,5493483.703272741,1.0,252,113,1099425.513847728,31.015968994004652,74.18798777379108,
213031350,145,93,93,1680157.99268249,0.9999999999999767,97,12,21256.43596264586,0.0,2.1805945796723285,
213031351,532,292,292,5981449.977021081,1.0,74,35,253118.53225608912,0.0,19.460177770130635,
213031352,370,267,267,5620757.364757996,0.9999999999999811,125,59,748587.4599774494,0.04107172216754407,44.28681421732255,
213041353,2426,212,212,2586927.795711704,0.013172697960595609,158,4,1359.6001694310855,6.821210263296962e-13,0.05001840075899803,
213041358,1288,1058,1058,24210816.927126795,0.9999999999999981,152,99,974667.7276441326,2.3283064365386963e-10,42.91799769458973,
213041359,9178,5263,5263,125791166.583415,0.9999999999999971,791,42,1919380.2087151238,0.0013103883247822523,53.53023786019394,
213041360,349,276,276,5968460.554671914,0.9999999999999797,287,166,555332.9794501303,3.348314203321934e-05,27.942687906316305,
213041461,239,133,133,2552522.030450537,0.9999999999999938,131,51,192578.1558814021,6.417062832042575e-05,29.024590185591325,
213041462,134,102,102,1995428.4303387678,1.0,77,44,476284.59588124044,3.434251993894577e-09,73.92279929865651,
213041463,428,327,327,6953295.985445603,1.0,276,177,1306168.3315529511,0.011540124891325831,62.39458925924089,
213041571,669,489,489,10696855.112335326,1.0,111,65,1163780.5385813408,0.11943321139551699,109.12147572258237,
213041572,1074,877,877,19765235.704986278,0.9999999999999976,35,20,1759130.0211240966,3.91155481338501e-08,136.52541879115995,
213041573,4428,2932,2932,69514386.66108415,0.9999999999999957,139,55,3154834.62647682,0.0,732.150064162641,
213041574,4583,2516,2516,58744610.45831755,1.0,397,27,348697.69990618184,1.0884832590818405e-08,14.095060427106727,
213041575,452,357,357,7818009.347694223,1.0,183,70,476292.3625767671,2.9103830456733704e-10,29.449846199021035,
213041576,6668,5030,5030,120881565.03128135,0.999999999999999,289,103,2375852.703701128,1.3969838619232178e-09,196.64399136741676,
213041577,687,451,451,9864509.210316297,1.0,147,91,933073.7266830523,0.0,116.53225011652958,
213041578,1161,526,526,11024464.106838167,1.0,161,42,425512.80114154716,6.984919309616089e-10,18.645668513279347,
213051361,1101,516,516,10915489.95541438,1.0,339,74,797032.9482455286,2.0954757928848267e-09,43.413745206467155,
213051362,512,328,328,7012411.291086273,0.9999999999999843,173,75,591905.3255904496,1.1641532182693481e-10,31.307803109618618,
213051363,2399,993,993,22247857.523458455,0.999999999999995,374,85,2519086.861026588,45.95042572868988,196.55796356325368,
213051368,8428,4795,4795,114047772.45238625,0.9998790451287859,685,149,5089673.656844599,12.972514169290662,278.9267865608488,
213051464,1198,846,846,19036698.70291285,0.999885635331327,219,85,8395248.37056648,0.17830909229815006,357.1928381036676,
213051466,552,426,426,9423764.503272673,1.0,114,50,598436.7999323629,0.00024586194194853306,27.733688070800223,
213051467,545,362,362,7758550.952581363,0.9999999999999853,183,72,1187932.1454872356,2.490483255358413,61.85535776243437,
213051468,7965,5370,5370,127706786.06021664,0.9999999472470974,361,87,1581258.7217078796,0.00071564014069736,47.99983977500182,
213051579,5476,3050,3050,72060684.0611807,0.9999892722320552,48,28,409921.7928426267,0.0003278367221355438,29.993545975168413,
213051580,383,265,265,5553754.333189867,1.0,154,57,595902.7297349542,0.007993548293597996,33.40551852586904,
213051581,216,148,148,2938320.806842051,0.9999999999999999,91,32,337687.80799773516,0.0,33.266457294624686,
213051582,2694,1593,1593,36716040.969700634,0.9999999999999992,49,9,24787.95068316227,0.0,1.293126959317226,
213051583,548,367,367,7962262.636681376,0.9999999999999963,183,80,803129.5622500808,0.03318585979286581,27.461176306164276,
213051584,825,630,630,14348846.52801194,1.0,34,4,3298.6974930694187,1.610715116839856e-09,0.207726542384825,
213051585,226,159,159,3131081.569716974,1.0,86,37,300983.38288205606,0.0033854329958558083,25.36946922471886,
213051586,921,771,771,17522625.935327727,0.9999999999999963,76,20,505204.26120311953,0.07193636189913377,32.83959056182466,
213051587,359,210,210,4268579.814583124,0.999999999999943,85,37,242279.84684520843,0.0,22.33817507331228,
213051588,421,262,262,5378279.992549504,0.9999999999999825,147,70,673011.1141329117,0.003365234937518835,32.99882883711248,
213051589,7883,2258,2258,51266693.95441972,1.0,224,28,961945.104467189,0.1495154849253595,66.2724839503053,
213051590,380,238,238,4958582.026600467,0.9999999999999788,88,41,602602.5548291287,2.3283064365386963e-10,42.631945866935176,
214011370,1392,911,911,20304377.744867664,1.0,506,176,720129.456968154,1.000997144728899e-05,30.690822407439423,
214011371,1098,540,540,11623324.516726276,1.0,421,148,1424732.5198237237,0.10106991697102785,56.89144750324355,
214011372,877,597,597,13236428.300387561,1.0,249,56,875304.2939869479,0.001273655449040234,44.22068778351511,
214011373,1217,663,663,14558506.377720995,0.9999999999999966,284,91,1336862.159148488,0.0,69.00289868630577,
214011374,2176,1622,1622,37612740.48261161,0.9999999999999987,503,238,1705061.6926393774,5.005858838558197e-08,66.11841525668636,
214011375,811,566,566,12429783.960588947,0.9999889638326216,503,357,3443472.1505213105,6.741758914664388,188.11647913254913,
214011376,1294,880,880,19811442.2009215,0.999999999999993,318,73,192474.87308912465,1.019315400160849,14.15152364452027,
214021377,3392,1975,1975,45055697.2503794,0.9999966177064806,241,111,1320245.6068357308,0.0,92.02263906101552,
214021378,17538,12150,12150,287333041.91991705,0.9998874185182183,848,74,3874408.438046904,0.5028933645226061,638.919597303252,
214021379,6269,4623,4623,108392877.57055774,0.9956456672046876,579,304,6169027.905928561,0.06487132608890533,250.80570157480625,
214021381,1539,1027,1027,23205769.817743566,0.9999999999999928,270,134,2056993.516277981,0.04049885435961187,107.63963978430054,
214021382,1904,1325,1325,30207778.63752233,0.9999997268521905,421,237,2145153.12814681,3.725290298461914e-09,106.39855669373864,
214021383,3611,2964,2964,67161349.76497371,0.9995145039187877,536,325,1657466.9826253522,0.001133310841396451,80.56124150021142,
214021384,1410,1070,1070,23791137.576817304,0.9998080386363746,244,154,2719484.4294409836,0.0,113.88895955946664,
214021385,7489,4954,4954,117332115.72303121,0.9999718597078434,579,151,1883203.9445121335,3.026798367500305e-09,98.60739053891176,
214021591,1049,659,659,14687577.72322218,1.0,317,106,1147965.9308427218,0.012773902155458927,76.11496690377419,
214021592,533,320,320,6403537.226338631,0.9999447485423044,205,96,626358.2645716924,8.911371696740389e-05,57.45715446071653,
